bin,read.number,time
150kD,54,4.49500554938957
10kD,154,12.819089900111
4kD,246,20.4772475027747
GAL,361,30.0499445061043
FLA,460,38.2907880133185
