bin,read.number,time
150kD,3693,12.3094529132039
10kD,4319,14.3960268432514
4kD,6613,22.0423536731701
Gal,9728,32.4252255455313
FLA,11989,39.9615572641216
